Company,Positive Count,Negative Count,Neutral Count,Overall Sentiment Score
Tesla,17,21,12,-0.017088000000000006
23&Me,18,16,16,0.013087999999999997
Disney,19,16,15,0.041136000000000006
