Company,Relative Volume (%),Score
Disney,77.31958762886599,4
23&me,123.71134020618557,6
Tesla,98.96907216494846,4
