Company,Relative Volume (%),Score
Delta,185.26315789473685,8
Bybit,51.578947368421055,4
Tesla,63.1578947368421,4
